User,Weight,Height,BMI
id-1,62,165,22.77318640955005
id-2,67,177,21.38593635289987
id-3,55,160,21.484374999999996
id-4,74,180,22.839506172839506
